transfer_id,opened_at_hours,customer_notified,doc_needed,doc_received
TX-10229,0.8335040502715856,1,proof of address,0
TX-10226,2.726534916786477,1,a new selfie (the first was blurry),0
TX-10218,1.8605256909504533,1,ID back side,0
TX-10222,1.5084578145761043,1,ID back side,0
TX-10234,1.536907508969307,1,proof of address,0
TX-10227,1.1462382974568754,1,source of funds for this deposit,0
TX-10220,2.8462956093717366,1,source of funds for this deposit,0
TX-10216,0.669138305587694,1,a new selfie (the first was blurry),0
TX-10197,1.967966632451862,0,,0
TX-10180,0.677967038936913,0,,0
TX-10184,1.183749828953296,0,,0
TX-10228,0.705233616521582,1,ID back side,0
TX-10176,1.04584125475958,0,,0
TX-10199,0.2561417301185429,0,,0
TX-10185,1.65313326055184,0,,0
TX-10235,1.8286063810810447,1,a new selfie (the first was blurry),0
TX-10204,1.5638300799764693,0,,0
TX-10233,0.09632795210927725,1,a new selfie (the first was blurry),0
TX-10191,0.7340122144669294,0,,0
TX-10190,1.454398091416806,0,,0
TX-10224,1.0536032351665199,1,a new selfie (the first was blurry),0
TX-10201,0.5094887493178248,0,,0
TX-10200,1.7626632861793041,0,,0
TX-10183,0.3243130035698414,0,,0
TX-10230,2.077761241933331,1,ID back side,0
TX-10214,1.464581349864602,0,,0
TX-10215,1.7036530626937747,0,,0
TX-10195,1.8553976067341864,0,,0
TX-10202,1.7992999125272036,0,,0
TX-10210,0.15132517227903008,0,,0
TX-10177,1.6963986088521779,0,,0
TX-10205,1.0588176804594696,0,,0
TX-10187,0.8009327198378742,0,,0
TX-10217,0.7151247658766806,1,proof of address,0
TX-10179,0.8795751235447824,0,,0
TX-10188,0.34980966337025166,0,,0
TX-10208,1.9256252935156226,0,,0
TX-10223,2.045733324950561,1,source of funds for this deposit,0
TX-10189,0.657605963293463,0,,0
TX-10212,1.7965179127641022,0,,0
TX-10178,1.2111417870037258,0,,0
TX-10240,1.0788198031950742,1,a new selfie (the first was blurry),0
TX-10211,0.008885247632861137,0,,0
TX-10181,0.9091024482622743,0,,0
TX-10194,1.099062878638506,0,,0
TX-10243,1.593439809512347,1,proof of address,0
TX-10206,0.46770584071055055,0,,0
TX-10203,1.7888816371560097,0,,0
TX-10225,0.47424011724069715,1,source of funds for this deposit,0
TX-10186,0.6845414941199124,0,,0
TX-10198,0.1847875416278839,0,,0
TX-10238,2.128712597535923,1,ID back side,0
TX-10209,0.8321582558564842,0,,0
TX-10196,0.7490786896087229,0,,0
TX-10192,0.6905440017580986,0,,0
TX-10236,0.6414815804455429,1,proof of address,0
TX-10219,2.433250867528841,1,proof of address,0
TX-10193,0.44645016361027956,0,,0
TX-10182,1.7939602509140968,0,,0
TX-10207,0.9767091395333409,0,,0
TX-10221,1.679037499241531,1,a new selfie (the first was blurry),0
TX-10237,2.387652869336307,1,ID back side,0
TX-10175,0.48371049808338284,0,,0
TX-10244,2.0049414415843785,1,ID back side,0
TX-10242,1.1490202210843563,1,proof of address,0
TX-10213,1.2731574699282646,0,,0
TX-10239,1.8990857207681984,1,ID back side,0
TX-10232,2.3629233688116074,1,source of funds for this deposit,0
TX-10241,2.1218778679613024,1,a new selfie (the first was blurry),0
TX-10231,1.8806042557116598,1,source of funds for this deposit,0
