transfer_id,ledger_status
TX-10247,none
TX-10155,none
TX-10229,none
TX-10226,none
TX-10263,none
TX-10218,none
TX-10222,none
TX-10234,none
TX-10227,none
TX-10256,none
TX-10220,none
TX-10216,none
TX-10296,none
TX-10245,none
TX-10197,none
TX-10180,none
TX-10184,none
TX-10228,none
TX-10176,none
TX-10199,none
TX-10185,none
TX-10235,none
TX-10277,none
TX-10288,none
TX-10204,none
TX-10278,none
TX-10233,none
TX-10191,none
TX-10282,none
TX-10190,none
TX-10294,none
TX-10297,none
TX-10224,none
TX-10254,none
TX-10201,none
TX-10200,none
TX-10266,none
TX-10183,none
TX-10230,none
TX-10214,none
TX-10215,none
TX-10298,none
TX-10276,none
TX-10265,none
TX-10284,none
TX-10195,none
TX-10264,none
TX-10202,none
TX-10210,none
TX-10144,none
TX-10355,none
TX-10351,none
TX-10286,none
TX-10262,none
TX-10177,none
TX-10259,none
TX-10273,none
TX-10252,none
TX-10249,none
TX-10205,none
TX-10295,none
TX-10267,none
TX-10187,none
TX-10321,none
TX-10217,none
TX-10350,none
TX-10179,none
TX-10293,none
TX-10322,none
TX-10279,none
TX-10330,none
TX-10188,none
TX-10208,none
TX-10317,none
TX-10281,none
TX-10255,none
TX-10353,none
TX-10337,none
TX-10338,none
TX-10323,none
TX-10223,none
TX-10248,none
TX-10246,none
TX-10257,none
TX-10253,none
TX-10189,none
TX-10212,none
TX-10312,none
TX-10178,none
TX-10151,none
TX-10164,none
TX-10240,none
TX-10147,none
TX-10160,none
TX-10309,none
TX-10336,none
TX-10211,none
TX-10311,none
TX-10301,none
TX-10341,none
TX-10343,none
TX-10356,none
TX-10141,none
TX-10292,none
TX-10258,none
TX-10283,none
TX-10181,none
TX-10194,none
TX-10243,none
TX-10251,none
TX-10307,none
TX-10206,none
TX-10167,none
TX-10305,none
TX-10302,none
TX-10308,none
TX-10316,none
TX-10291,none
TX-10345,none
TX-10324,none
TX-10203,none
TX-10304,none
TX-10225,none
TX-10271,none
TX-10165,none
TX-10329,none
TX-10146,none
TX-10327,none
TX-10299,none
TX-10154,none
TX-10261,none
TX-10326,none
TX-10315,none
TX-10186,none
TX-10198,none
TX-10071,none
TX-10170,none
TX-10238,none
TX-10209,none
TX-10325,none
TX-10196,none
TX-10192,none
TX-10320,none
TX-10346,none
TX-10236,none
TX-10285,none
TX-10333,none
TX-10274,none
TX-10010,none
TX-10161,none
TX-10272,none
TX-10289,none
TX-10018,none
TX-10156,none
TX-10219,none
TX-10193,none
TX-10084,none
TX-10268,none
TX-10319,none
TX-10310,none
TX-10344,none
TX-10169,none
TX-10328,none
TX-10306,none
TX-10331,none
TX-10354,none
TX-10358,none
TX-10173,none
TX-10149,none
TX-10182,none
TX-10318,none
TX-10033,none
TX-10207,none
TX-10221,none
TX-10137,none
TX-10269,none
TX-10334,none
TX-10237,none
TX-10168,none
TX-10121,none
TX-10303,none
TX-10175,none
TX-10093,none
TX-10059,none
TX-10065,none
TX-10073,none
TX-10158,none
TX-10287,none
TX-10114,none
TX-10017,none
TX-10081,none
TX-10347,none
TX-10148,none
TX-10162,none
TX-10069,none
TX-10142,none
TX-10244,none
TX-10352,none
TX-10111,none
TX-10348,none
TX-10174,none
TX-10260,none
TX-10157,none
TX-10242,none
TX-10027,none
TX-10213,none
TX-10239,none
TX-10150,none
TX-10104,none
TX-10152,none
TX-10102,none
TX-10342,none
TX-10115,none
TX-10046,none
TX-10005,none
TX-10136,none
TX-10339,none
TX-10280,none
TX-10101,none
TX-10037,none
TX-10087,none
TX-10300,none
TX-10127,none
TX-10100,none
TX-10314,none
TX-10054,none
TX-10094,none
TX-10075,none
TX-10340,none
TX-10139,none
TX-10250,none
TX-10275,none
TX-10019,none
TX-10078,none
TX-10335,none
TX-10270,none
TX-10109,none
TX-10232,none
TX-10049,none
TX-10088,none
TX-10031,none
TX-10124,none
TX-10130,none
TX-10028,none
TX-10035,none
TX-10083,none
TX-10041,none
TX-10002,none
TX-10106,none
TX-10006,none
TX-10011,none
TX-10089,none
TX-10091,none
TX-10042,none
TX-10056,none
TX-10045,none
TX-10032,none
TX-10313,none
TX-10026,none
TX-10099,none
TX-10138,none
TX-10055,none
TX-10126,none
TX-10110,none
TX-10016,none
TX-10025,none
TX-10029,none
TX-10096,none
TX-10360,none
TX-10105,none
TX-10120,none
TX-10020,none
TX-10077,none
TX-10021,none
TX-10068,none
TX-10082,none
TX-10116,none
TX-10241,none
TX-10357,none
TX-10118,none
TX-10117,none
TX-10361,none
TX-10231,none
TX-10001,none
TX-10024,none
TX-10349,none
TX-10140,none
TX-10023,none
TX-10044,none
TX-10290,none
TX-10079,none
TX-10040,none
TX-10359,none
TX-10004,none
TX-10129,none
TX-10125,none
TX-10012,none
TX-10009,none
TX-10066,none
TX-10332,none
TX-10034,none
TX-10014,none
TX-10008,none
TX-10123,none
TX-10062,none
TX-10003,none
TX-10166,none
TX-10119,none
TX-10163,none
TX-10076,none
TX-10143,none
TX-10052,none
TX-10015,none
TX-10159,none
TX-10171,none
TX-10036,none
TX-10070,none
TX-10145,none
TX-10134,none
TX-10153,none
TX-10172,none
TX-10061,none
TX-10064,none
TX-10080,none
TX-10086,none
TX-10098,none
TX-10135,none
TX-10047,none
TX-10048,none
TX-10133,none
TX-10022,none
TX-10057,none
TX-10128,none
TX-10060,none
TX-10085,none
TX-10113,none
TX-10039,none
TX-10051,none
TX-10058,none
TX-10131,none
TX-10007,none
TX-10063,none
TX-10072,none
TX-10103,none
TX-10108,none
TX-10132,none
TX-10013,none
TX-10050,none
TX-10067,none
TX-10095,none
TX-10097,none
TX-10112,none
TX-10000,none
TX-10092,none
TX-10107,none
TX-10030,none
TX-10043,none
TX-10053,none
TX-10074,none
TX-10090,none
TX-10122,none
TX-10038,none
