transfer_id,partner_status,settled_at_hours,ref_matched,ref_issue,return_code
TX-10247,pending,,1,,
TX-10155,pending,,1,,
TX-10229,pending,,1,,
TX-10226,pending,,1,,
TX-10263,pending,,1,,
TX-10218,pending,,1,,
TX-10222,pending,,1,,
TX-10234,pending,,1,,
TX-10227,pending,,1,,
TX-10256,pending,,1,,
TX-10220,pending,,1,,
TX-10216,pending,,1,,
TX-10296,settled,3.197423935867846,0,truncated by the sending bank,
TX-10245,pending,,1,,
TX-10197,pending,,1,,
TX-10180,pending,,1,,
TX-10184,pending,,1,,
TX-10228,pending,,1,,
TX-10176,pending,,1,,
TX-10199,pending,,1,,
TX-10185,pending,,1,,
TX-10235,pending,,1,,
TX-10277,settled,1.9675948270596564,0,missing,
TX-10288,settled,4.234866438433528,0,truncated by the sending bank,
TX-10204,pending,,1,,
TX-10278,settled,3.2827628147788346,0,for a different customer,
TX-10233,pending,,1,,
TX-10191,pending,,1,,
TX-10282,settled,5.119661926757544,0,missing,
TX-10190,pending,,1,,
TX-10294,settled,4.490266562439501,0,missing,
TX-10297,settled,1.848156503867358,0,missing,
TX-10224,pending,,1,,
TX-10254,pending,,1,,
TX-10201,pending,,1,,
TX-10200,pending,,1,,
TX-10266,pending,,1,,
TX-10183,pending,,1,,
TX-10230,pending,,1,,
TX-10214,pending,,1,,
TX-10215,pending,,1,,
TX-10298,settled,3.5715471105650067,0,for a different customer,
TX-10276,settled,0.15256285574287176,0,missing,
TX-10265,pending,,1,,
TX-10284,settled,2.5495076249353588,0,for a different customer,
TX-10195,pending,,1,,
TX-10264,pending,,1,,
TX-10202,pending,,1,,
TX-10210,pending,,1,,
TX-10144,pending,,1,,
TX-10355,pending,,1,,
TX-10351,pending,,1,,
TX-10286,settled,3.624541886150837,0,truncated by the sending bank,
TX-10262,pending,,1,,
TX-10177,pending,,1,,
TX-10259,pending,,1,,
TX-10273,pending,,1,,
TX-10252,pending,,1,,
TX-10249,pending,,1,,
TX-10205,pending,,1,,
TX-10295,settled,1.4770709169097245,0,truncated by the sending bank,
TX-10267,pending,,1,,
TX-10187,pending,,1,,
TX-10321,returned,,1,,cuenta inexistente
TX-10217,pending,,1,,
TX-10350,pending,,1,,
TX-10179,pending,,1,,
TX-10293,settled,5.750045877881348,0,missing,
TX-10322,returned,,1,,R02 account closed
TX-10279,settled,2.1186734698712826,0,missing,
TX-10330,settled,21.393158353865147,1,,
TX-10188,pending,,1,,
TX-10208,pending,,1,,
TX-10317,returned,,1,,rejected by screening
TX-10281,settled,1.983623681589961,0,for a different customer,
TX-10255,pending,,1,,
TX-10353,pending,,1,,
TX-10337,settled,2.114090943709016,1,,
TX-10338,settled,8.009891582652926,1,,
TX-10323,returned,,1,,AC04 account closed
TX-10223,pending,,1,,
TX-10248,pending,,1,,
TX-10246,pending,,1,,
TX-10257,pending,,1,,
TX-10253,pending,,1,,
TX-10189,pending,,1,,
TX-10212,pending,,1,,
TX-10312,returned,,1,,cuenta inexistente
TX-10178,pending,,1,,
TX-10151,pending,,1,,
TX-10164,pending,,1,,
TX-10240,pending,,1,,
TX-10147,pending,,1,,
TX-10160,pending,,1,,
TX-10309,returned,,1,,recipient ID mismatch
TX-10336,settled,0.5784606782253832,1,,
TX-10211,pending,,1,,
TX-10311,returned,,1,,recipient ID mismatch
TX-10301,settled,5.9253546595573425,0,truncated by the sending bank,
TX-10341,settled,0.8801783095113933,1,,
TX-10343,settled,22.84556165523827,1,,
TX-10356,unknown,,1,,
TX-10141,pending,,1,,
TX-10292,settled,4.967863455880433,0,missing,
TX-10258,pending,,1,,
TX-10283,settled,4.514964595902711,0,for a different customer,
TX-10181,pending,,1,,
TX-10194,pending,,1,,
TX-10243,pending,,1,,
TX-10251,pending,,1,,
TX-10307,returned,,1,,recipient ID mismatch
TX-10206,pending,,1,,
TX-10167,pending,,1,,
TX-10305,returned,,1,,rejected by screening
TX-10302,returned,,1,,cuenta inexistente
TX-10308,returned,,1,,rejected by screening
TX-10316,returned,,1,,R03 no account
TX-10291,settled,3.032857577316463,0,for a different customer,
TX-10345,pending,,1,,
TX-10324,returned,,1,,R03 no account
TX-10203,pending,,1,,
TX-10304,returned,,1,,AC04 account closed
TX-10225,pending,,1,,
TX-10271,pending,,1,,
TX-10165,pending,,1,,
TX-10329,settled,0.802408707793802,1,,
TX-10146,pending,,1,,
TX-10327,settled,4.142105050384998,1,,
TX-10299,settled,3.5841878475621343,0,truncated by the sending bank,
TX-10154,pending,,1,,
TX-10261,pending,,1,,
TX-10326,settled,17.38229065586156,1,,
TX-10315,returned,,1,,beneficiary name mismatch
TX-10186,pending,,1,,
TX-10198,pending,,1,,
TX-10071,pending,,1,,
TX-10170,pending,,1,,
TX-10238,pending,,1,,
TX-10209,pending,,1,,
TX-10325,returned,,1,,recipient ID mismatch
TX-10196,pending,,1,,
TX-10192,pending,,1,,
TX-10320,returned,,1,,invalid CLABE
TX-10346,pending,,1,,
TX-10236,pending,,1,,
TX-10285,settled,3.338625124655664,0,for a different customer,
TX-10333,settled,15.8876946978271,1,,
TX-10274,pending,,1,,
TX-10010,pending,,1,,
TX-10161,pending,,1,,
TX-10272,pending,,1,,
TX-10289,settled,5.441835251636803,0,missing,
TX-10018,pending,,1,,
TX-10156,pending,,1,,
TX-10219,pending,,1,,
TX-10193,pending,,1,,
TX-10084,pending,,1,,
TX-10268,pending,,1,,
TX-10319,returned,,1,,beneficiary name mismatch
TX-10310,returned,,1,,beneficiary name mismatch
TX-10344,settled,8.54239426218687,1,,
TX-10169,pending,,1,,
TX-10328,settled,0.11143264171891573,1,,
TX-10306,returned,,1,,rejected by screening
TX-10331,settled,13.846013780683279,1,,
TX-10354,pending,,1,,
TX-10358,unknown,,1,,
TX-10173,pending,,1,,
TX-10149,pending,,1,,
TX-10182,pending,,1,,
TX-10318,returned,,1,,R16 account frozen
TX-10033,pending,,1,,
TX-10207,pending,,1,,
TX-10221,pending,,1,,
TX-10137,pending,,1,,
TX-10269,pending,,1,,
TX-10334,settled,20.71822350472212,1,,
TX-10237,pending,,1,,
TX-10168,pending,,1,,
TX-10121,pending,,1,,
TX-10303,returned,,1,,rejected by screening
TX-10175,pending,,1,,
TX-10093,pending,,1,,
TX-10059,pending,,1,,
TX-10065,pending,,1,,
TX-10073,pending,,1,,
TX-10158,pending,,1,,
TX-10287,settled,5.377193121705204,0,missing,
TX-10114,pending,,1,,
TX-10017,pending,,1,,
TX-10081,pending,,1,,
TX-10347,pending,,1,,
TX-10148,pending,,1,,
TX-10162,pending,,1,,
TX-10069,pending,,1,,
TX-10142,pending,,1,,
TX-10244,pending,,1,,
TX-10352,pending,,1,,
TX-10111,pending,,1,,
TX-10348,pending,,1,,
TX-10174,pending,,1,,
TX-10260,pending,,1,,
TX-10157,pending,,1,,
TX-10242,pending,,1,,
TX-10027,pending,,1,,
TX-10213,pending,,1,,
TX-10239,pending,,1,,
TX-10150,pending,,1,,
TX-10104,pending,,1,,
TX-10152,pending,,1,,
TX-10102,pending,,1,,
TX-10342,settled,8.826840592548251,1,,
TX-10115,pending,,1,,
TX-10046,pending,,1,,
TX-10005,pending,,1,,
TX-10136,pending,,1,,
TX-10339,settled,0.9457036536186934,1,,
TX-10280,settled,0.008315867744386196,0,truncated by the sending bank,
TX-10101,pending,,1,,
TX-10037,pending,,1,,
TX-10087,pending,,1,,
TX-10300,settled,5.6268593072891235,0,for a different customer,
TX-10127,pending,,1,,
TX-10100,pending,,1,,
TX-10314,returned,,1,,beneficiary name mismatch
TX-10054,pending,,1,,
TX-10094,pending,,1,,
TX-10075,pending,,1,,
TX-10340,settled,12.765468215688056,1,,
TX-10139,pending,,1,,
TX-10250,pending,,1,,
TX-10275,pending,,1,,
TX-10019,pending,,1,,
TX-10078,pending,,1,,
TX-10335,settled,0.28543637227267027,1,,
TX-10270,pending,,1,,
TX-10109,pending,,1,,
TX-10232,pending,,1,,
TX-10049,pending,,1,,
TX-10088,pending,,1,,
TX-10031,pending,,1,,
TX-10124,pending,,1,,
TX-10130,pending,,1,,
TX-10028,pending,,1,,
TX-10035,pending,,1,,
TX-10083,pending,,1,,
TX-10041,pending,,1,,
TX-10002,pending,,1,,
TX-10106,pending,,1,,
TX-10006,pending,,1,,
TX-10011,pending,,1,,
TX-10089,pending,,1,,
TX-10091,pending,,1,,
TX-10042,pending,,1,,
TX-10056,pending,,1,,
TX-10045,pending,,1,,
TX-10032,pending,,1,,
TX-10313,returned,,1,,beneficiary name mismatch
TX-10026,pending,,1,,
TX-10099,pending,,1,,
TX-10138,pending,,1,,
TX-10055,pending,,1,,
TX-10126,pending,,1,,
TX-10110,pending,,1,,
TX-10016,pending,,1,,
TX-10025,pending,,1,,
TX-10029,pending,,1,,
TX-10096,pending,,1,,
TX-10360,unknown,,1,,
TX-10105,pending,,1,,
TX-10120,pending,,1,,
TX-10020,pending,,1,,
TX-10077,pending,,1,,
TX-10021,pending,,1,,
TX-10068,pending,,1,,
TX-10082,pending,,1,,
TX-10116,pending,,1,,
TX-10241,pending,,1,,
TX-10357,unknown,,1,,
TX-10118,pending,,1,,
TX-10117,pending,,1,,
TX-10361,unknown,,1,,
TX-10231,pending,,1,,
TX-10001,pending,,1,,
TX-10024,pending,,1,,
TX-10349,pending,,1,,
TX-10140,pending,,1,,
TX-10023,pending,,1,,
TX-10044,pending,,1,,
TX-10290,settled,0.215475395321846,0,truncated by the sending bank,
TX-10079,pending,,1,,
TX-10040,pending,,1,,
TX-10359,unknown,,1,,
TX-10004,pending,,1,,
TX-10129,pending,,1,,
TX-10125,pending,,1,,
TX-10012,pending,,1,,
TX-10009,pending,,1,,
TX-10066,pending,,1,,
TX-10332,settled,0.2689172488171607,1,,
TX-10034,pending,,1,,
TX-10014,pending,,1,,
TX-10008,pending,,1,,
TX-10123,pending,,1,,
TX-10062,pending,,1,,
TX-10003,pending,,1,,
TX-10166,pending,,1,,
TX-10119,pending,,1,,
TX-10163,pending,,1,,
TX-10076,pending,,1,,
TX-10143,pending,,1,,
TX-10052,pending,,1,,
TX-10015,pending,,1,,
TX-10159,pending,,1,,
TX-10171,pending,,1,,
TX-10036,pending,,1,,
TX-10070,pending,,1,,
TX-10145,pending,,1,,
TX-10134,pending,,1,,
TX-10153,pending,,1,,
TX-10172,pending,,1,,
TX-10061,pending,,1,,
TX-10064,pending,,1,,
TX-10080,pending,,1,,
TX-10086,pending,,1,,
TX-10098,pending,,1,,
TX-10135,pending,,1,,
TX-10047,pending,,1,,
TX-10048,pending,,1,,
TX-10133,pending,,1,,
TX-10022,pending,,1,,
TX-10057,pending,,1,,
TX-10128,pending,,1,,
TX-10060,pending,,1,,
TX-10085,pending,,1,,
TX-10113,pending,,1,,
TX-10039,pending,,1,,
TX-10051,pending,,1,,
TX-10058,pending,,1,,
TX-10131,pending,,1,,
TX-10007,pending,,1,,
TX-10063,pending,,1,,
TX-10072,pending,,1,,
TX-10103,pending,,1,,
TX-10108,pending,,1,,
TX-10132,pending,,1,,
TX-10013,pending,,1,,
TX-10050,pending,,1,,
TX-10067,pending,,1,,
TX-10095,pending,,1,,
TX-10097,pending,,1,,
TX-10112,pending,,1,,
TX-10000,pending,,1,,
TX-10092,pending,,1,,
TX-10107,pending,,1,,
TX-10030,pending,,1,,
TX-10043,pending,,1,,
TX-10053,pending,,1,,
TX-10074,pending,,1,,
TX-10090,pending,,1,,
TX-10122,pending,,1,,
TX-10038,pending,,1,,
