transfer_id,customer_id,country,rail_id,amount_usd,age_hours,maint_at_create,network,expected_network,customer_told
TX-10247,C9771,PE,BANK_OUT,751,309.6,1,,,0
TX-10155,C8188,SV,ACH_IN,235,288.1,0,,,0
TX-10229,C8441,VE,WIRE_IN,1820,264.4,0,,,1
TX-10226,C9530,MX,SPEI_IN,1110,260.8,0,,,1
TX-10263,C9409,EC,BANK_OUT,759,259.4,1,,,0
TX-10218,C8069,PE,SPEI_IN,188,259.1,0,,,1
TX-10222,C7218,CO,CASH_OUT,571,252.7,0,,,1
TX-10234,C10894,EC,SEPA_IN,858,249.1,0,,,1
TX-10227,C6337,VE,ACH_IN,482,245.7,0,,,1
TX-10256,C2365,AR,BANK_OUT,200,240.5,1,,,0
TX-10220,C5075,VE,CRYPTO_IN,675,233.2,0,,,1
TX-10216,C8138,PE,SEPA_IN,802,225.9,0,,,1
TX-10296,C4679,VE,SPEI_IN,342,218.2,0,,,0
TX-10245,C5337,SV,BANK_OUT,275,211.1,1,,,0
TX-10197,C8708,AR,SEPA_IN,94,203.5,0,,,0
TX-10180,C9613,GT,CASH_OUT,747,203.2,0,,,0
TX-10184,C8713,PE,BANK_OUT,677,203.1,0,,,0
TX-10228,C6055,GT,SEPA_IN,1079,199.7,0,,,1
TX-10176,C3632,GT,SEPA_IN,931,199.3,0,,,0
TX-10199,C2937,EC,CRYPTO_IN,47,194.9,0,,,0
TX-10185,C8737,CO,BANK_OUT,1091,194.8,0,,,0
TX-10235,C6983,PE,CASH_OUT,1065,194.6,0,,,1
TX-10277,C4437,BO,WIRE_IN,1148,192.7,0,,,0
TX-10288,C4101,PE,SPEI_IN,792,190.2,0,,,0
TX-10204,C6310,AR,SPEI_IN,285,190.1,0,,,0
TX-10278,C3154,PE,WIRE_IN,3836,188.5,0,,,0
TX-10233,C3731,EC,BANK_OUT,77,185.7,0,,,1
TX-10191,C9775,EC,BANK_OUT,885,181.6,0,,,0
TX-10282,C10506,CO,WIRE_IN,3966,180,0,,,0
TX-10190,C6523,BO,BANK_OUT,578,175.7,0,,,0
TX-10294,C2640,BO,WIRE_IN,2198,175.5,0,,,0
TX-10297,C4138,AR,WIRE_IN,560,174.9,0,,,0
TX-10224,C10367,GT,CASH_OUT,158,169.9,0,,,1
TX-10254,C2251,AR,BANK_OUT,380,168.3,1,,,0
TX-10201,C4910,CO,ACH_IN,853,166.8,0,,,0
TX-10200,C3621,GT,SEPA_IN,275,164.6,0,,,0
TX-10266,C8189,VE,BANK_OUT,718,162.6,1,,,0
TX-10183,C6241,MX,ACH_IN,933,162.5,0,,,0
TX-10230,C7825,AR,CASH_OUT,1059,162.5,0,,,1
TX-10214,C2941,VE,SPEI_IN,167,162.4,0,,,0
TX-10215,C2372,MX,WIRE_IN,1129,161.2,0,,,0
TX-10298,C8846,SV,SPEI_IN,464,157.1,0,,,0
TX-10276,C2239,CO,WIRE_IN,1380,156.7,0,,,0
TX-10265,C6835,MX,CASH_OUT,469,155.5,1,,,0
TX-10284,C10025,AR,WIRE_IN,3679,155.4,0,,,0
TX-10195,C7723,CO,CASH_OUT,564,151.4,0,,,0
TX-10264,C9521,AR,CASH_OUT,277,150.5,1,,,0
TX-10202,C6589,PE,SEPA_IN,879,149.7,0,,,0
TX-10210,C4758,AR,CASH_OUT,430,149.4,0,,,0
TX-10144,C9066,MX,BANK_OUT,1084,149.3,0,,,0
TX-10355,C4809,VE,CRYPTO_IN,312,148.3,0,Ethereum,Base,0
TX-10351,C9786,AR,CRYPTO_IN,135,146.4,0,Ethereum,Base,0
TX-10286,C10367,BO,ACH_IN,59,145.7,0,,,0
TX-10262,C8671,PE,CASH_OUT,382,144.6,1,,,0
TX-10177,C7954,VE,SPEI_IN,159,142.2,0,,,0
TX-10259,C8238,AR,WIRE_IN,2500,141.9,1,,,0
TX-10273,C5113,PE,CASH_OUT,351,138.9,1,,,0
TX-10252,C10010,SV,BANK_OUT,855,137.3,1,,,0
TX-10249,C8889,SV,CASH_OUT,1066,134.8,1,,,0
TX-10205,C5113,PE,WIRE_IN,2049,134,0,,,0
TX-10295,C8189,BO,WIRE_IN,1198,132,0,,,0
TX-10267,C4747,CO,CASH_OUT,415,127,1,,,0
TX-10187,C7008,EC,ACH_IN,810,126.6,0,,,0
TX-10321,C5580,VE,SPEI_IN,154,125.6,0,,,1
TX-10217,C8374,GT,CASH_OUT,45,125.2,0,,,1
TX-10350,C4540,PE,CRYPTO_IN,20,125.1,0,Ethereum,Base,0
TX-10179,C9584,PE,ACH_IN,281,123.3,0,,,0
TX-10293,C10729,BO,WIRE_IN,827,123.1,0,,,0
TX-10322,C7794,SV,BANK_OUT,146,122.8,0,,,1
TX-10279,C5982,VE,SEPA_IN,991,121,0,,,0
TX-10330,C6006,CO,WIRE_IN,2372,120.6,0,,,0
TX-10188,C4921,CO,CRYPTO_IN,453,120.5,0,,,0
TX-10208,C2588,BO,ACH_IN,30,119.7,0,,,0
TX-10317,C6364,PE,CRYPTO_IN,274,117.2,0,,,1
TX-10281,C10502,CO,WIRE_IN,1526,115.9,0,,,0
TX-10255,C8597,EC,BANK_OUT,52,115.3,1,,,0
TX-10353,C2976,SV,CRYPTO_IN,640,114.7,0,BNB Chain,Solana,0
TX-10337,C6345,GT,WIRE_IN,2958,112.9,0,,,0
TX-10338,C6661,SV,WIRE_IN,3498,111.8,0,,,0
TX-10323,C5126,MX,SEPA_IN,927,110.7,0,,,1
TX-10223,C6778,PE,SEPA_IN,859,110.2,0,,,1
TX-10248,C8927,GT,CASH_OUT,1057,108.1,1,,,0
TX-10246,C10032,GT,WIRE_IN,3498,107.5,1,,,0
TX-10257,C8578,AR,CASH_OUT,171,106.8,1,,,0
TX-10253,C8554,CO,CASH_OUT,407,106.2,1,,,0
TX-10189,C10391,GT,WIRE_IN,3080,104.6,0,,,0
TX-10212,C6972,BO,SPEI_IN,614,102.9,0,,,0
TX-10312,C2509,VE,SPEI_IN,587,99.9,0,,,1
TX-10178,C5545,PE,BANK_OUT,552,98.8,0,,,0
TX-10151,C8957,CO,CASH_OUT,389,97.8,0,,,0
TX-10164,C9764,BO,WIRE_IN,502,96.7,0,,,0
TX-10240,C5105,EC,CASH_OUT,449,96.7,0,,,1
TX-10147,C5817,GT,BANK_OUT,99,96.1,0,,,0
TX-10160,C5391,PE,CASH_OUT,293,95.1,0,,,0
TX-10309,C2587,EC,CASH_OUT,1043,94.7,0,,,1
TX-10336,C8475,SV,SPEI_IN,418,94.2,0,,,0
TX-10211,C4988,GT,SPEI_IN,128,93.4,0,,,0
TX-10311,C6106,MX,CASH_OUT,463,92.8,0,,,1
TX-10301,C6521,PE,WIRE_IN,857,90.6,0,,,0
TX-10341,C3007,GT,SPEI_IN,295,90.6,0,,,0
TX-10343,C10393,MX,SEPA_IN,973,88.7,0,,,0
TX-10356,C7950,BO,ACH_IN,302,88.4,0,,,0
TX-10141,C4340,SV,SEPA_IN,705,86.6,0,,,0
TX-10292,C9629,BO,SEPA_IN,934,86,0,,,0
TX-10258,C9545,MX,WIRE_IN,2449,85.7,1,,,0
TX-10283,C3311,MX,WIRE_IN,2591,83.2,0,,,0
TX-10181,C6646,AR,SEPA_IN,423,83,0,,,0
TX-10194,C9066,PE,ACH_IN,163,82.6,0,,,0
TX-10243,C6307,AR,SPEI_IN,510,82.4,0,,,1
TX-10251,C8532,SV,BANK_OUT,1030,81.4,1,,,0
TX-10307,C4724,BO,CASH_OUT,776,81.4,0,,,1
TX-10206,C2213,CO,ACH_IN,215,81,0,,,0
TX-10167,C4426,AR,CASH_OUT,1067,80.7,0,,,0
TX-10305,C10745,MX,CRYPTO_IN,233,79.7,0,,,1
TX-10302,C2450,SV,SPEI_IN,732,78,0,,,1
TX-10308,C5790,MX,CRYPTO_IN,257,77.7,0,,,1
TX-10316,C10834,PE,BANK_OUT,476,76.6,0,,,1
TX-10291,C5904,PE,SEPA_IN,1093,76,0,,,0
TX-10345,C4777,MX,CRYPTO_IN,857,75.4,0,BNB Chain,Base,0
TX-10324,C4153,MX,ACH_IN,172,75.1,0,,,1
TX-10203,C2454,GT,SEPA_IN,1083,74.4,0,,,0
TX-10304,C2706,GT,SEPA_IN,675,74.3,0,,,1
TX-10225,C2568,CO,WIRE_IN,630,73.6,0,,,1
TX-10271,C3518,AR,CASH_OUT,705,73.3,1,,,0
TX-10165,C2729,AR,CASH_OUT,395,72,0,,,0
TX-10329,C3403,PE,SPEI_IN,1088,71.3,0,,,0
TX-10146,C4287,PE,WIRE_IN,944,71.1,0,,,0
TX-10327,C3963,VE,SEPA_IN,175,71,0,,,0
TX-10299,C6865,SV,WIRE_IN,1212,70.7,0,,,0
TX-10154,C7460,AR,CASH_OUT,562,70,0,,,0
TX-10261,C6427,PE,WIRE_IN,653,69.4,1,,,0
TX-10326,C3778,GT,ACH_IN,762,69.2,0,,,0
TX-10315,C4830,SV,WIRE_IN,2813,69.1,0,,,1
TX-10186,C5269,VE,ACH_IN,106,68.8,0,,,0
TX-10198,C7056,VE,ACH_IN,300,68.3,0,,,0
TX-10071,C3054,BO,ACH_IN,699,67.8,0,,,1
TX-10170,C3500,MX,CASH_OUT,1086,65.5,0,,,0
TX-10238,C7446,SV,ACH_IN,618,65.5,0,,,1
TX-10209,C5375,GT,ACH_IN,436,64.6,0,,,0
TX-10325,C6750,PE,CASH_OUT,300,64.6,0,,,1
TX-10196,C7207,PE,CRYPTO_IN,334,64.5,0,,,0
TX-10192,C4629,SV,SEPA_IN,795,63.8,0,,,0
TX-10320,C7723,EC,BANK_OUT,452,63.7,0,,,1
TX-10346,C3133,BO,CRYPTO_IN,549,63.1,0,BNB Chain,Solana,0
TX-10236,C10449,BO,CASH_OUT,546,61.4,0,,,1
TX-10285,C4533,MX,SEPA_IN,538,60.8,0,,,0
TX-10333,C3969,PE,SEPA_IN,474,60.2,0,,,0
TX-10274,C5640,GT,BANK_OUT,399,60,1,,,0
TX-10010,C8849,MX,ACH_IN,66,59.8,0,,,1
TX-10161,C5529,SV,WIRE_IN,3179,59.7,0,,,0
TX-10272,C3168,GT,WIRE_IN,3913,59.6,1,,,0
TX-10289,C9353,PE,SEPA_IN,1089,59.3,0,,,0
TX-10018,C8562,GT,ACH_IN,168,59.1,0,,,1
TX-10156,C4271,EC,SEPA_IN,289,58.2,0,,,0
TX-10219,C8910,SV,ACH_IN,60,57.6,0,,,1
TX-10193,C3757,MX,CRYPTO_IN,167,56.9,0,,,0
TX-10084,C6811,GT,ACH_IN,385,54.8,0,,,1
TX-10268,C5004,GT,BANK_OUT,52,54.5,1,,,0
TX-10319,C2048,EC,WIRE_IN,2053,54.1,0,,,1
TX-10310,C8301,EC,WIRE_IN,1835,53.4,0,,,1
TX-10344,C8754,MX,ACH_IN,545,53.2,0,,,0
TX-10169,C8505,SV,SEPA_IN,157,53.1,0,,,0
TX-10328,C9583,CO,ACH_IN,746,51.2,0,,,0
TX-10306,C10565,SV,CRYPTO_IN,813,51,0,,,1
TX-10331,C3742,VE,WIRE_IN,1740,50.9,0,,,0
TX-10354,C4993,MX,CRYPTO_IN,643,50.8,0,Tron,Base,0
TX-10358,C3887,SV,SPEI_IN,879,49.6,0,,,0
TX-10173,C8222,AR,CASH_OUT,270,48.6,0,,,0
TX-10149,C3772,VE,CASH_OUT,667,47.8,0,,,0
TX-10182,C5326,CO,WIRE_IN,2583,47.5,0,,,0
TX-10318,C6753,AR,ACH_IN,1048,46.7,0,,,1
TX-10033,C8192,EC,ACH_IN,275,46.6,0,,,1
TX-10207,C9067,CO,ACH_IN,148,46,0,,,0
TX-10221,C9866,VE,BANK_OUT,919,45.5,0,,,1
TX-10137,C3346,SV,BANK_OUT,1075,44.9,0,,,1
TX-10269,C6893,VE,CASH_OUT,828,44.5,1,,,0
TX-10334,C10193,VE,WIRE_IN,2399,44,0,,,0
TX-10237,C4049,CO,WIRE_IN,1812,43.8,0,,,1
TX-10168,C10777,BO,SEPA_IN,786,43.5,0,,,0
TX-10121,C7933,SV,ACH_IN,131,43.4,0,,,1
TX-10303,C8463,MX,CRYPTO_IN,30,43.3,0,,,1
TX-10175,C7575,CO,SEPA_IN,493,42.9,0,,,0
TX-10093,C5705,EC,ACH_IN,199,41.9,0,,,1
TX-10059,C6349,AR,ACH_IN,774,41.5,0,,,1
TX-10065,C7245,VE,BANK_OUT,361,41.5,0,,,1
TX-10073,C8339,BO,ACH_IN,876,40.9,0,,,1
TX-10158,C8135,GT,SEPA_IN,584,40.5,0,,,0
TX-10287,C9794,GT,SEPA_IN,68,40.2,0,,,0
TX-10114,C10725,SV,BANK_OUT,849,39.4,0,,,1
TX-10017,C6632,EC,ACH_IN,685,38.4,0,,,1
TX-10081,C8847,PE,ACH_IN,664,38.3,0,,,1
TX-10347,C5678,CO,CRYPTO_IN,221,38,0,Tron,Solana,0
TX-10148,C9231,VE,SEPA_IN,386,37.5,0,,,0
TX-10162,C9371,PE,CASH_OUT,1103,36.7,0,,,0
TX-10069,C8870,AR,BANK_OUT,716,36.6,0,,,1
TX-10142,C10391,PE,WIRE_IN,3599,35.5,0,,,0
TX-10244,C8355,MX,CASH_OUT,146,35.2,0,,,1
TX-10352,C2524,EC,CRYPTO_IN,198,34.3,0,Ethereum,Base,0
TX-10111,C3209,BO,ACH_IN,281,34.1,0,,,1
TX-10348,C8777,PE,CRYPTO_IN,902,34.1,0,BNB Chain,Solana,0
TX-10174,C3111,EC,CASH_OUT,840,33.7,0,,,0
TX-10260,C6768,BO,WIRE_IN,2504,33.7,1,,,0
TX-10157,C7773,AR,CASH_OUT,683,33.6,0,,,0
TX-10242,C7710,GT,SEPA_IN,642,32.9,0,,,1
TX-10027,C9290,BO,BANK_OUT,897,32.8,0,,,1
TX-10213,C2298,VE,SEPA_IN,889,32.2,0,,,0
TX-10239,C9775,PE,SPEI_IN,67,32.2,0,,,1
TX-10150,C3077,PE,SEPA_IN,303,31.7,0,,,0
TX-10104,C7412,VE,BANK_OUT,984,31.6,0,,,1
TX-10152,C5981,GT,CASH_OUT,878,31.6,0,,,0
TX-10102,C9964,MX,BANK_OUT,766,30.9,0,,,1
TX-10342,C2793,VE,WIRE_IN,2066,30.9,0,,,0
TX-10115,C5204,VE,ACH_IN,539,30.6,0,,,1
TX-10046,C2835,GT,BANK_OUT,277,30.3,0,,,1
TX-10005,C10883,CO,ACH_IN,130,29.5,0,,,1
TX-10136,C7094,MX,ACH_IN,662,27.7,0,,,1
TX-10339,C3343,GT,SPEI_IN,1085,27.7,0,,,0
TX-10280,C2826,SV,WIRE_IN,2269,27.4,0,,,0
TX-10101,C7551,SV,ACH_IN,84,26.4,0,,,1
TX-10037,C8128,MX,ACH_IN,1104,24.9,0,,,1
TX-10087,C2594,AR,BANK_OUT,683,24.8,0,,,1
TX-10300,C3878,EC,WIRE_IN,1490,23.6,0,,,0
TX-10127,C2682,MX,BANK_OUT,868,23.5,0,,,1
TX-10100,C2576,EC,CASH_OUT,963,22.8,0,,,1
TX-10314,C10754,BO,WIRE_IN,966,22.8,0,,,1
TX-10054,C9981,BO,CASH_OUT,360,22.7,0,,,1
TX-10094,C6005,BO,WIRE_IN,881,22.6,0,,,1
TX-10075,C7213,CO,WIRE_IN,3169,22.5,0,,,1
TX-10340,C7098,PE,ACH_IN,704,22.4,0,,,0
TX-10139,C7387,AR,WIRE_IN,2563,22.1,0,,,1
TX-10250,C10241,GT,CASH_OUT,718,22.1,1,,,0
TX-10275,C2826,AR,CASH_OUT,1059,21.7,1,,,0
TX-10019,C3334,VE,ACH_IN,627,21.2,0,,,1
TX-10078,C8081,BO,SEPA_IN,374,20.9,0,,,1
TX-10335,C2002,BO,SPEI_IN,398,20.3,0,,,0
TX-10270,C10268,AR,WIRE_IN,3346,19.9,1,,,0
TX-10109,C4174,EC,SEPA_IN,1108,19.4,0,,,1
TX-10232,C6043,SV,CRYPTO_IN,829,19.4,0,,,1
TX-10049,C2817,SV,BANK_OUT,1038,19.2,0,,,1
TX-10088,C10273,MX,CASH_OUT,434,18.8,0,,,1
TX-10031,C6764,SV,ACH_IN,982,18.4,0,,,1
TX-10124,C8361,CO,CASH_OUT,855,18.2,0,,,1
TX-10130,C4189,VE,CASH_OUT,822,18.1,0,,,1
TX-10028,C7661,MX,WIRE_IN,3144,17.5,0,,,1
TX-10035,C7508,VE,WIRE_IN,621,17.5,0,,,1
TX-10083,C7601,SV,SEPA_IN,968,17.5,0,,,1
TX-10041,C6235,AR,WIRE_IN,2693,17.1,0,,,1
TX-10002,C3607,BO,SEPA_IN,1005,16.9,0,,,1
TX-10106,C2606,MX,ACH_IN,131,16.8,0,,,1
TX-10006,C6962,SV,BANK_OUT,1099,16.7,0,,,1
TX-10011,C4429,CO,SEPA_IN,650,16.6,0,,,1
TX-10089,C3585,VE,SEPA_IN,67,16.5,0,,,1
TX-10091,C10871,AR,SEPA_IN,720,16.5,0,,,1
TX-10042,C9491,BO,WIRE_IN,2377,16.2,0,,,1
TX-10056,C6191,CO,SEPA_IN,867,16,0,,,1
TX-10045,C5103,EC,SEPA_IN,775,15.6,0,,,1
TX-10032,C10354,PE,CASH_OUT,232,15.4,0,,,1
TX-10313,C8549,SV,WIRE_IN,2006,15.2,0,,,1
TX-10026,C7991,PE,ACH_IN,808,14.7,0,,,1
TX-10099,C5907,SV,WIRE_IN,1023,14.5,0,,,1
TX-10138,C3873,MX,SEPA_IN,483,14.2,0,,,1
TX-10055,C10169,BO,SEPA_IN,632,13.7,0,,,1
TX-10126,C8019,AR,ACH_IN,698,12.6,0,,,1
TX-10110,C9220,PE,CASH_OUT,131,12.4,0,,,1
TX-10016,C2803,BO,BANK_OUT,587,12.3,0,,,1
TX-10025,C9504,PE,BANK_OUT,949,12.3,0,,,1
TX-10029,C2529,MX,SEPA_IN,1093,12.3,0,,,1
TX-10096,C7723,AR,WIRE_IN,2626,12.2,0,,,1
TX-10360,C8654,GT,SEPA_IN,410,12.2,0,,,0
TX-10105,C8605,CO,ACH_IN,487,12.1,0,,,1
TX-10120,C8570,CO,WIRE_IN,3482,11.9,0,,,1
TX-10020,C9786,AR,SEPA_IN,1028,11.8,0,,,1
TX-10077,C4140,SV,SEPA_IN,938,11.3,0,,,1
TX-10021,C5228,SV,SEPA_IN,573,11.2,0,,,1
TX-10068,C3860,CO,SEPA_IN,580,11.2,0,,,1
TX-10082,C5519,CO,SEPA_IN,42,11.1,0,,,1
TX-10116,C7366,SV,SEPA_IN,566,11.1,0,,,1
TX-10241,C5122,MX,CRYPTO_IN,672,10.8,0,,,1
TX-10357,C4970,AR,SPEI_IN,629,10.8,0,,,0
TX-10118,C8181,VE,BANK_OUT,1061,10.6,0,,,1
TX-10117,C8207,EC,SEPA_IN,89,10.4,0,,,1
TX-10361,C5416,MX,ACH_IN,1085,10.4,0,,,0
TX-10231,C5497,CO,CASH_OUT,1022,10.3,0,,,1
TX-10001,C9629,GT,SEPA_IN,261,10,0,,,1
TX-10024,C8806,MX,CASH_OUT,588,9.9,0,,,1
TX-10349,C6788,CO,CRYPTO_IN,353,9.9,0,BNB Chain,Base,0
TX-10140,C3371,PE,BANK_OUT,425,9.8,0,,,1
TX-10023,C4362,GT,CASH_OUT,239,9.1,0,,,1
TX-10044,C9339,EC,SEPA_IN,606,9,0,,,1
TX-10290,C5361,SV,SEPA_IN,448,8.9,0,,,0
TX-10079,C7835,AR,BANK_OUT,838,8.6,0,,,1
TX-10040,C6159,MX,SEPA_IN,1118,7.6,0,,,1
TX-10359,C7859,MX,CASH_OUT,148,7.3,0,,,0
TX-10004,C6963,GT,WIRE_IN,3875,7.1,0,,,1
TX-10129,C2923,BO,CASH_OUT,742,7.1,0,,,1
TX-10125,C2125,SV,SEPA_IN,571,6.8,0,,,1
TX-10012,C4589,SV,WIRE_IN,3546,6.7,0,,,1
TX-10009,C10569,BO,SEPA_IN,887,6.5,0,,,1
TX-10066,C6112,SV,WIRE_IN,2274,6.1,0,,,1
TX-10332,C8707,EC,SPEI_IN,913,6.1,0,,,0
TX-10034,C3970,AR,SEPA_IN,303,6,0,,,1
TX-10014,C5481,PE,CASH_OUT,182,5.9,0,,,1
TX-10008,C5645,CO,WIRE_IN,3859,5.6,0,,,1
TX-10123,C8421,CO,SEPA_IN,196,5.6,0,,,1
TX-10062,C4095,AR,SEPA_IN,500,4.1,0,,,1
TX-10003,C10652,EC,WIRE_IN,2110,3.5,0,,,1
TX-10166,C3580,EC,CRYPTO_IN,306,3.5,0,,,0
TX-10119,C3921,SV,WIRE_IN,3190,3.4,0,,,1
TX-10163,C3410,GT,SPEI_IN,1018,3.4,0,,,0
TX-10076,C5776,MX,CASH_OUT,957,2.5,0,,,1
TX-10143,C3577,GT,SPEI_IN,1107,2.3,0,,,0
TX-10052,C5434,PE,WIRE_IN,1184,1.9,0,,,1
TX-10015,C6333,EC,BANK_OUT,529,1.8,0,,,1
TX-10159,C9105,SV,CRYPTO_IN,182,1.7,0,,,0
TX-10171,C8688,AR,SPEI_IN,648,1.6,0,,,0
TX-10036,C2018,BO,WIRE_IN,3883,1.4,0,,,1
TX-10070,C4073,AR,SEPA_IN,931,1.4,0,,,1
TX-10145,C5399,SV,SPEI_IN,286,1.3,0,,,0
TX-10134,C2033,MX,SEPA_IN,100,1.2,0,,,1
TX-10153,C8650,GT,CRYPTO_IN,825,1.2,0,,,0
TX-10172,C9837,EC,CRYPTO_IN,638,1.2,0,,,0
TX-10061,C9043,GT,SPEI_IN,1074,0.9,0,,,1
TX-10064,C4195,CO,SPEI_IN,920,0.9,0,,,1
TX-10080,C2262,EC,CRYPTO_IN,364,0.9,0,,,1
TX-10086,C2210,BO,SPEI_IN,1073,0.9,0,,,1
TX-10098,C9464,MX,CRYPTO_IN,618,0.9,0,,,1
TX-10135,C5221,AR,CRYPTO_IN,594,0.9,0,,,1
TX-10047,C7998,EC,SPEI_IN,478,0.8,0,,,1
TX-10048,C6519,BO,SPEI_IN,355,0.8,0,,,1
TX-10133,C10061,CO,SPEI_IN,1011,0.8,0,,,1
TX-10022,C7913,EC,SPEI_IN,163,0.7,0,,,1
TX-10057,C5469,VE,CRYPTO_IN,95,0.7,0,,,1
TX-10128,C2027,VE,SPEI_IN,945,0.7,0,,,1
TX-10060,C3884,SV,CRYPTO_IN,37,0.6,0,,,1
TX-10085,C5983,CO,SPEI_IN,65,0.6,0,,,1
TX-10113,C7309,CO,CRYPTO_IN,857,0.6,0,,,1
TX-10039,C6793,EC,CRYPTO_IN,345,0.5,0,,,1
TX-10051,C2219,BO,SPEI_IN,276,0.5,0,,,1
TX-10058,C6245,VE,CRYPTO_IN,442,0.5,0,,,1
TX-10131,C9188,PE,CRYPTO_IN,709,0.5,0,,,1
TX-10007,C4030,CO,CRYPTO_IN,548,0.4,0,,,1
TX-10063,C5348,MX,CASH_OUT,297,0.4,0,,,1
TX-10072,C7102,GT,CRYPTO_IN,866,0.4,0,,,1
TX-10103,C8629,VE,SPEI_IN,270,0.4,0,,,1
TX-10108,C3414,MX,SPEI_IN,150,0.4,0,,,1
TX-10132,C6191,AR,SPEI_IN,179,0.4,0,,,1
TX-10013,C7545,EC,SPEI_IN,978,0.3,0,,,1
TX-10050,C4195,AR,SPEI_IN,622,0.3,0,,,1
TX-10067,C2722,MX,SPEI_IN,316,0.3,0,,,1
TX-10095,C2520,GT,CRYPTO_IN,173,0.3,0,,,1
TX-10097,C8380,AR,CRYPTO_IN,482,0.3,0,,,1
TX-10112,C9219,VE,WIRE_IN,3004,0.3,0,,,1
TX-10000,C4728,SV,SPEI_IN,927,0.2,0,,,1
TX-10092,C10795,EC,CRYPTO_IN,732,0.2,0,,,1
TX-10107,C9097,EC,CASH_OUT,775,0.2,0,,,1
TX-10030,C2835,PE,SPEI_IN,448,0.1,0,,,1
TX-10043,C6698,BO,SPEI_IN,255,0.1,0,,,1
TX-10053,C7830,AR,CRYPTO_IN,683,0.1,0,,,1
TX-10074,C8273,MX,SPEI_IN,371,0.1,0,,,1
TX-10090,C3149,CO,SPEI_IN,115,0.1,0,,,1
TX-10122,C8992,VE,SPEI_IN,908,0.1,0,,,1
TX-10038,C10123,SV,CRYPTO_IN,619,0,0,,,1
