transfer_id,cause_id,past_sla
TX-10247,MAINT,1
TX-10155,LATE,1
TX-10229,HOLD_DOC,1
TX-10226,HOLD_DOC,1
TX-10263,MAINT,1
TX-10218,HOLD_DOC,1
TX-10222,HOLD_DOC,1
TX-10234,HOLD_DOC,1
TX-10227,HOLD_DOC,1
TX-10256,MAINT,1
TX-10220,HOLD_DOC,1
TX-10216,HOLD_DOC,1
TX-10296,UNMATCHED,1
TX-10245,MAINT,1
TX-10197,HOLD_SILENT,1
TX-10180,HOLD_SILENT,1
TX-10184,HOLD_SILENT,1
TX-10228,HOLD_DOC,1
TX-10176,HOLD_SILENT,1
TX-10199,HOLD_SILENT,1
TX-10185,HOLD_SILENT,1
TX-10235,HOLD_DOC,1
TX-10277,UNMATCHED,1
TX-10288,UNMATCHED,1
TX-10204,HOLD_SILENT,1
TX-10278,UNMATCHED,1
TX-10233,HOLD_DOC,1
TX-10191,HOLD_SILENT,1
TX-10282,UNMATCHED,1
TX-10190,HOLD_SILENT,1
TX-10294,UNMATCHED,1
TX-10297,UNMATCHED,1
TX-10224,HOLD_DOC,1
TX-10254,MAINT,1
TX-10201,HOLD_SILENT,1
TX-10200,HOLD_SILENT,1
TX-10266,MAINT,1
TX-10183,HOLD_SILENT,1
TX-10230,HOLD_DOC,1
TX-10214,HOLD_SILENT,1
TX-10215,HOLD_SILENT,1
TX-10298,UNMATCHED,1
TX-10276,UNMATCHED,1
TX-10265,MAINT,1
TX-10284,UNMATCHED,1
TX-10195,HOLD_SILENT,1
TX-10264,MAINT,1
TX-10202,HOLD_SILENT,1
TX-10210,HOLD_SILENT,1
TX-10144,LATE,1
TX-10355,WRONG_NET,1
TX-10351,WRONG_NET,1
TX-10286,UNMATCHED,1
TX-10262,MAINT,1
TX-10177,HOLD_SILENT,1
TX-10259,MAINT,1
TX-10273,MAINT,1
TX-10252,MAINT,1
TX-10249,MAINT,1
TX-10205,HOLD_SILENT,1
TX-10295,UNMATCHED,1
TX-10267,MAINT,1
TX-10187,HOLD_SILENT,1
TX-10321,RETURNED,1
TX-10217,HOLD_DOC,1
TX-10350,WRONG_NET,1
TX-10179,HOLD_SILENT,1
TX-10293,UNMATCHED,1
TX-10322,RETURNED,1
TX-10279,UNMATCHED,1
TX-10330,DESYNC,1
TX-10188,HOLD_SILENT,1
TX-10208,HOLD_SILENT,1
TX-10317,RETURNED,1
TX-10281,UNMATCHED,1
TX-10255,MAINT,1
TX-10353,WRONG_NET,1
TX-10337,DESYNC,1
TX-10338,DESYNC,1
TX-10323,RETURNED,1
TX-10223,HOLD_DOC,1
TX-10248,MAINT,1
TX-10246,MAINT,1
TX-10257,MAINT,1
TX-10253,MAINT,1
TX-10189,HOLD_SILENT,1
TX-10212,HOLD_SILENT,1
TX-10312,RETURNED,1
TX-10178,HOLD_SILENT,1
TX-10151,LATE,1
TX-10164,LATE,1
TX-10240,HOLD_DOC,1
TX-10147,LATE,1
TX-10160,LATE,1
TX-10309,RETURNED,1
TX-10336,DESYNC,1
TX-10211,HOLD_SILENT,1
TX-10311,RETURNED,1
TX-10301,UNMATCHED,1
TX-10341,DESYNC,1
TX-10343,DESYNC,1
TX-10356,UNKNOWN,1
TX-10141,LATE,1
TX-10292,UNMATCHED,1
TX-10258,MAINT,1
TX-10283,UNMATCHED,1
TX-10181,HOLD_SILENT,1
TX-10194,HOLD_SILENT,1
TX-10243,HOLD_DOC,1
TX-10251,MAINT,1
TX-10307,RETURNED,1
TX-10206,HOLD_SILENT,1
TX-10167,LATE,1
TX-10305,RETURNED,1
TX-10302,RETURNED,1
TX-10308,RETURNED,1
TX-10316,RETURNED,1
TX-10291,UNMATCHED,1
TX-10345,WRONG_NET,1
TX-10324,RETURNED,1
TX-10203,HOLD_SILENT,1
TX-10304,RETURNED,1
TX-10225,HOLD_DOC,1
TX-10271,MAINT,1
TX-10165,LATE,1
TX-10329,DESYNC,1
TX-10146,LATE,1
TX-10327,DESYNC,1
TX-10299,UNMATCHED,1
TX-10154,LATE,1
TX-10261,MAINT,1
TX-10326,DESYNC,0
TX-10315,RETURNED,1
TX-10186,HOLD_SILENT,0
TX-10198,HOLD_SILENT,0
TX-10071,ON_TRACK,0
TX-10170,LATE,1
TX-10238,HOLD_DOC,0
TX-10209,HOLD_SILENT,0
TX-10325,RETURNED,1
TX-10196,HOLD_SILENT,1
TX-10192,HOLD_SILENT,1
TX-10320,RETURNED,1
TX-10346,WRONG_NET,1
TX-10236,HOLD_DOC,1
TX-10285,UNMATCHED,1
TX-10333,DESYNC,1
TX-10274,MAINT,1
TX-10010,ON_TRACK,0
TX-10161,LATE,1
TX-10272,MAINT,1
TX-10289,UNMATCHED,1
TX-10018,ON_TRACK,0
TX-10156,LATE,1
TX-10219,HOLD_DOC,0
TX-10193,HOLD_SILENT,1
TX-10084,ON_TRACK,0
TX-10268,MAINT,1
TX-10319,RETURNED,1
TX-10310,RETURNED,1
TX-10344,DESYNC,0
TX-10169,LATE,1
TX-10328,DESYNC,0
TX-10306,RETURNED,1
TX-10331,DESYNC,1
TX-10354,WRONG_NET,1
TX-10358,UNKNOWN,1
TX-10173,LATE,1
TX-10149,LATE,1
TX-10182,HOLD_SILENT,1
TX-10318,RETURNED,0
TX-10033,ON_TRACK,0
TX-10207,HOLD_SILENT,0
TX-10221,HOLD_DOC,0
TX-10137,ON_TRACK,0
TX-10269,MAINT,1
TX-10334,DESYNC,1
TX-10237,HOLD_DOC,1
TX-10168,LATE,1
TX-10121,ON_TRACK,0
TX-10303,RETURNED,1
TX-10175,HOLD_SILENT,1
TX-10093,ON_TRACK,0
TX-10059,ON_TRACK,0
TX-10065,ON_TRACK,0
TX-10073,ON_TRACK,0
TX-10158,LATE,1
TX-10287,UNMATCHED,1
TX-10114,ON_TRACK,0
TX-10017,ON_TRACK,0
TX-10081,ON_TRACK,0
TX-10347,WRONG_NET,1
TX-10148,LATE,1
TX-10162,LATE,1
TX-10069,ON_TRACK,0
TX-10142,LATE,1
TX-10244,HOLD_DOC,1
TX-10352,WRONG_NET,1
TX-10111,ON_TRACK,0
TX-10348,WRONG_NET,1
TX-10174,LATE,1
TX-10260,MAINT,1
TX-10157,LATE,1
TX-10242,HOLD_DOC,1
TX-10027,ON_TRACK,0
TX-10213,HOLD_SILENT,1
TX-10239,HOLD_DOC,1
TX-10150,LATE,1
TX-10104,ON_TRACK,0
TX-10152,LATE,1
TX-10102,ON_TRACK,0
TX-10342,DESYNC,1
TX-10115,ON_TRACK,0
TX-10046,ON_TRACK,0
TX-10005,ON_TRACK,0
TX-10136,ON_TRACK,0
TX-10339,DESYNC,1
TX-10280,UNMATCHED,1
TX-10101,ON_TRACK,0
TX-10037,ON_TRACK,0
TX-10087,ON_TRACK,0
TX-10300,UNMATCHED,0
TX-10127,ON_TRACK,0
TX-10100,ON_TRACK,0
TX-10314,RETURNED,0
TX-10054,ON_TRACK,0
TX-10094,ON_TRACK,0
TX-10075,ON_TRACK,0
TX-10340,DESYNC,0
TX-10139,ON_TRACK,0
TX-10250,MAINT,0
TX-10275,MAINT,0
TX-10019,ON_TRACK,0
TX-10078,ON_TRACK,0
TX-10335,DESYNC,1
TX-10270,MAINT,0
TX-10109,ON_TRACK,0
TX-10232,HOLD_DOC,1
TX-10049,ON_TRACK,0
TX-10088,ON_TRACK,0
TX-10031,ON_TRACK,0
TX-10124,ON_TRACK,0
TX-10130,ON_TRACK,0
TX-10028,ON_TRACK,0
TX-10035,ON_TRACK,0
TX-10083,ON_TRACK,0
TX-10041,ON_TRACK,0
TX-10002,ON_TRACK,0
TX-10106,ON_TRACK,0
TX-10006,ON_TRACK,0
TX-10011,ON_TRACK,0
TX-10089,ON_TRACK,0
TX-10091,ON_TRACK,0
TX-10042,ON_TRACK,0
TX-10056,ON_TRACK,0
TX-10045,ON_TRACK,0
TX-10032,ON_TRACK,0
TX-10313,RETURNED,0
TX-10026,ON_TRACK,0
TX-10099,ON_TRACK,0
TX-10138,ON_TRACK,0
TX-10055,ON_TRACK,0
TX-10126,ON_TRACK,0
TX-10110,ON_TRACK,0
TX-10016,ON_TRACK,0
TX-10025,ON_TRACK,0
TX-10029,ON_TRACK,0
TX-10096,ON_TRACK,0
TX-10360,UNKNOWN,0
TX-10105,ON_TRACK,0
TX-10120,ON_TRACK,0
TX-10020,ON_TRACK,0
TX-10077,ON_TRACK,0
TX-10021,ON_TRACK,0
TX-10068,ON_TRACK,0
TX-10082,ON_TRACK,0
TX-10116,ON_TRACK,0
TX-10241,HOLD_DOC,1
TX-10357,UNKNOWN,1
TX-10118,ON_TRACK,0
TX-10117,ON_TRACK,0
TX-10361,UNKNOWN,0
TX-10231,HOLD_DOC,0
TX-10001,ON_TRACK,0
TX-10024,ON_TRACK,0
TX-10349,WRONG_NET,1
TX-10140,ON_TRACK,0
TX-10023,ON_TRACK,0
TX-10044,ON_TRACK,0
TX-10290,UNMATCHED,0
TX-10079,ON_TRACK,0
TX-10040,ON_TRACK,0
TX-10359,UNKNOWN,0
TX-10004,ON_TRACK,0
TX-10129,ON_TRACK,0
TX-10125,ON_TRACK,0
TX-10012,ON_TRACK,0
TX-10009,ON_TRACK,0
TX-10066,ON_TRACK,0
TX-10332,DESYNC,1
TX-10034,ON_TRACK,0
TX-10014,ON_TRACK,0
TX-10008,ON_TRACK,0
TX-10123,ON_TRACK,0
TX-10062,ON_TRACK,0
TX-10003,ON_TRACK,0
TX-10166,LATE,1
TX-10119,ON_TRACK,0
TX-10163,LATE,1
TX-10076,ON_TRACK,0
TX-10143,LATE,1
TX-10052,ON_TRACK,0
TX-10015,ON_TRACK,0
TX-10159,LATE,1
TX-10171,LATE,1
TX-10036,ON_TRACK,0
TX-10070,ON_TRACK,0
TX-10145,LATE,1
TX-10134,ON_TRACK,0
TX-10153,LATE,1
TX-10172,LATE,1
TX-10061,ON_TRACK,0
TX-10064,ON_TRACK,0
TX-10080,ON_TRACK,0
TX-10086,ON_TRACK,0
TX-10098,ON_TRACK,0
TX-10135,ON_TRACK,0
TX-10047,ON_TRACK,0
TX-10048,ON_TRACK,0
TX-10133,ON_TRACK,0
TX-10022,ON_TRACK,0
TX-10057,ON_TRACK,0
TX-10128,ON_TRACK,0
TX-10060,ON_TRACK,0
TX-10085,ON_TRACK,0
TX-10113,ON_TRACK,0
TX-10039,ON_TRACK,0
TX-10051,ON_TRACK,0
TX-10058,ON_TRACK,0
TX-10131,ON_TRACK,0
TX-10007,ON_TRACK,0
TX-10063,ON_TRACK,0
TX-10072,ON_TRACK,0
TX-10103,ON_TRACK,0
TX-10108,ON_TRACK,0
TX-10132,ON_TRACK,0
TX-10013,ON_TRACK,0
TX-10050,ON_TRACK,0
TX-10067,ON_TRACK,0
TX-10095,ON_TRACK,0
TX-10097,ON_TRACK,0
TX-10112,ON_TRACK,0
TX-10000,ON_TRACK,0
TX-10092,ON_TRACK,0
TX-10107,ON_TRACK,0
TX-10030,ON_TRACK,0
TX-10043,ON_TRACK,0
TX-10053,ON_TRACK,0
TX-10074,ON_TRACK,0
TX-10090,ON_TRACK,0
TX-10122,ON_TRACK,0
TX-10038,ON_TRACK,0
